{"cameraMode":{"drawMode":0,"name":"Shaded","section":"Shading Mode"},"sceneLighting":false,"audioPlay":false,"sceneViewState":{"showFog":true,"showMaterialUpdate":false,"showSkybox":true,"showFlares":true,"showImageEffects":true,"showParticleSystems":true},"in2DMode":false,"pivot":{"x":-0.22167891263961793,"y":2.8378312587738039,"z":-0.10250258445739746},"rotation":{"x":0.14362138509750367,"y":-0.13551974296569825,"z":0.01985842175781727,"w":0.9801126718521118},"size":5.451686859130859,"orthographic":false}