{"cameraMode":{"drawMode":0,"name":"Shaded","section":"Shading Mode"},"sceneLighting":true,"audioPlay":false,"sceneViewState":{"showFog":true,"showMaterialUpdate":false,"showSkybox":true,"showFlares":true,"showImageEffects":true,"showParticleSystems":true},"in2DMode":false,"pivot":{"x":0.9501522183418274,"y":8.3352632522583,"z":0.14079761505126954},"rotation":{"x":0.13005296885967256,"y":0.03419953212141991,"z":-0.004488572012633085,"w":0.9909099340438843},"size":29.027114868164064,"orthographic":false}