{"cameraMode":{"drawMode":0,"name":"Shaded","section":"Shading Mode"},"sceneLighting":false,"audioPlay":false,"sceneViewState":{"showFog":true,"showMaterialUpdate":false,"showSkybox":true,"showFlares":true,"showImageEffects":true,"showParticleSystems":true},"in2DMode":false,"pivot":{"x":-0.48139286041259768,"y":3.034813165664673,"z":-0.5936141014099121},"rotation":{"x":0.0038579951506108047,"y":-0.14350196719169618,"z":0.000559352629352361,"w":0.9896429777145386},"size":4.385601997375488,"orthographic":false}